{
    "roleMapping": {
        "idcsHostUrl": "https://idcs-75ed387a38c8444cba85ceb367ae6dff.identity.oraclecloud.com:443",
        "roles": {
            "service-admin": {
                "base_configuration": {
                    "users": [
                        {
                            "id": "be87fe758af14a438b7a5746f1b2dc5d",
                            "displayName": "Avnish Patel",
                            "userName": "avnish.patel@flexagon.com"
                        }
                    ],
                    "groups": [
                        {
                            "id": "2d380a070f3b4811ad73c89bafc0e732",
                            "displayName": "IDCS_Administrators"
                        }
                    ]
                },
                "qa_configuration": {
                    "users": [
                        {
                            "id": "7e3352c2259f424890752ed6fdb1686c",
                            "displayName": "Blake Westmoreland",
                            "userName": "Blake.Westmoreland@flexagon.com"
                        }
                    ],
                    "groups": [
                        {
                            "id": "2d380a070f3b4811ad73c89bafc0e732",
                            "displayName": "IDCS_Administrators"
                        }
                    ]
                },
                "production_configuration": {
                    "users": [
                        {
                            "id": "936a6f322b68441e94bca9820ed0b2fe",
                            "displayName": "Jay-Ar Brouillard",
                            "userName": "Jay-Ar.Brouillard@flexagon.com"
                        },
                        {
                            "id": "9846884ee2f54b05988c6f9cf476a204",
                            "displayName": "Joel Wenzel",
                            "userName": "joel.wenzel@flexagon.com"
                        }
                    ],
                    "groups": [
                        {
                            "id": "2d380a070f3b4811ad73c89bafc0e732",
                            "displayName": "IDCS_Administrators"
                        }
                    ]
                },
                "testing": {
                    "users": [
                        {
                            "id": "936a6f322b68441e94bca9820ed0b2fe",
                            "displayName": "Jay-Ar Brouillard",
                            "userName": "Jay-Ar.Brouillard@flexagon.com"
                        },
                        {
                            "id": "9846884ee2f54b05988c6f9cf476a204",
                            "displayName": "Joel Wenzel",
                            "userName": "joel.wenzel@flexagon.com"
                        }
                    ],
                    "groups": [
                        {
                            "id": "2d380a070f3b4811ad73c89bafc0e732",
                            "displayName": "IDCS_Administrators"
                        }
                    ]
                }
            },
            "RWRole1": {
                "base_configuration": {
                    "users": [
                        {
                            "id": "307ff6c42f1a4e4a8aa51dcbb022d2c0",
                            "displayName": "Curtis Feitty",
                            "userName": "curtis.feitty"
                        },
                        {
                            "id": "97ff1ec48668402a81699486d48bef62",
                            "displayName": "Muthu Sankaralingam",
                            "userName": "muthu.sankaralingam@flexagon.com"
                        },
                        {
                            "id": "3816504b7bee439bb7ba4992d759aec5",
                            "displayName": "Srimukhi Perepa",
                            "userName": "srimukhi.perepa@flexagon.com"
                        }
                    ],
                    "groups": [ ]
                },
                "qa_configuration": {
                    "users": [
                        {
                            "id": "665dfdf6f51d4e3abc7ddb89b4b3ba1e",
                            "displayName": "Dyuti Sengupta",
                            "userName": "dyuti.sengupta@flexagon.com"
                        },
                        {
                            "id": "b81adf5808124824881fdab55c162f20",
                            "displayName": "Indrayan Chakraborty",
                            "userName": "indrayan.chakraborty@flexagon.com"
                        }
                    ],
                    "groups": [ ]
                },
                "production_configuration": {
                    "users": [
                        {
                            "id": "edaf4ad702a1493f95408cdd3bb1118e",
                            "displayName": "Rama Rimmalapudi",
                            "userName": "FDDEMO"
                        },
                        {
                            "id": "97ff1ec48668402a81699486d48bef62",
                            "displayName": "Muthu Sankaralingam",
                            "userName": "muthu.sankaralingam@flexagon.com"
                        }
                    ],
                    "groups": [ ]
                },
                "testing": {
                    "users": [
                        {
                            "id": "edaf4ad702a1493f95408cdd3bb1118e",
                            "displayName": "Rama Rimmalapudi",
                            "userName": "FDDEMO"
                        },
                        {
                            "id": "97ff1ec48668402a81699486d48bef62",
                            "displayName": "Muthu Sankaralingam",
                            "userName": "muthu.sankaralingam@flexagon.com"
                        }
                    ],
                    "groups": [ ]
                }
            },
            "Role2": {
                "base_configuration": {
                    "users": [
                        {
                            "id": "85d68e5b02b64acdb49d08fa995d0bc5",
                            "displayName": "Hayden Mumm",
                            "userName": "hayden.mumm@flexagon.com"
                        }
                    ],
                    "groups": [
                        {
                            "id": "2d380a070f3b4811ad73c89bafc0e732",
                            "displayName": "IDCS_Administrators"
                        },
                        {
                            "id": "085cb5e466c74ebd9e28f56bf549e02c",
                            "displayName": "OCI_Administrators"
                        }
                    ]
                },
                "qa_configuration": {
                    "users": [
                        {
                            "id": "85d68e5b02b64acdb49d08fa995d0bc5",
                            "displayName": "Hayden Mumm",
                            "userName": "hayden.mumm@flexagon.com"
                        },
                        {
                            "id": "83b7b7703a30466babea94f006bae583",
                            "displayName": "Vijay Govindharaj",
                            "userName": "vijayaraj.govindharaj@flexagon.com"
                        }
                    ],
                    "groups": [
                        {
                            "id": "2d380a070f3b4811ad73c89bafc0e732",
                            "displayName": "IDCS_Administrators"
                        },
                        {
                            "id": "085cb5e466c74ebd9e28f56bf549e02c",
                            "displayName": "OCI_Administrators"
                        }
                    ]
                },
                "production_configuration": {
                    "users": [
                        {
                            "id": "21519d63aa624c43947bf27b5abf79d1",
                            "displayName": "Jim Hardtke",
                            "userName": "jim.hardtke@flexagon.com"
                        }
                    ],
                    "groups": [
                        {
                            "id": "2d380a070f3b4811ad73c89bafc0e732",
                            "displayName": "IDCS_Administrators"
                        },
                        {
                            "id": "085cb5e466c74ebd9e28f56bf549e02c",
                            "displayName": "OCI_Administrators"
                        }
                    ]
                },
                "testing": {
                    "users": [
                        {
                            "id": "21519d63aa624c43947bf27b5abf79d1",
                            "displayName": "Jim Hardtke",
                            "userName": "jim.hardtke@flexagon.com"
                        }
                    ],
                    "groups": [
                        {
                            "id": "2d380a070f3b4811ad73c89bafc0e732",
                            "displayName": "IDCS_Administrators"
                        },
                        {
                            "id": "085cb5e466c74ebd9e28f56bf549e02c",
                            "displayName": "OCI_Administrators"
                        }
                    ]
                }
            },
            "FSM_Lead": {
                "base_configuration": {
                    "users": [
                        {
                            "id": "307ff6c42f1a4e4a8aa51dcbb022d2c0",
                            "displayName": "Curtis Feitty",
                            "userName": "curtis.feitty"
                        },
                        {
                            "id": "3816504b7bee439bb7ba4992d759aec5",
                            "displayName": "Srimukhi Perepa",
                            "userName": "srimukhi.perepa@flexagon.com"
                        }
                    ],
                    "groups": [ ]
                },
                "qa_configuration": {
                    "users": [ ],
                    "groups": [ ]
                },
                "production_configuration": {
                    "users": [ ],
                    "groups": [ ]
                },
                "testing": {
                    "users": [
                        {
                            "id": "307ff6c42f1a4e4a8aa51dcbb022d2c0",
                            "displayName": "Curtis Feitty",
                            "userName": "curtis.feitty"
                        },
                        {
                            "id": "15121989df334e229bba7ef36040025a",
                            "displayName": "oic  user2",
                            "userName": "oic_user2"
                        }
                    ],
                    "groups": [
                        {
                            "id": "2d380a070f3b4811ad73c89bafc0e732",
                            "displayName": "IDCS_Administrators"
                        },
                        {
                            "id": "085cb5e466c74ebd9e28f56bf549e02c",
                            "displayName": "OCI_Administrators"
                        },
                        {
                            "id": "04bdb97b2c5841a39f33bc7a55f61f12",
                            "displayName": "ReadOnly"
                        }
                    ]
                }
            }
        }
    }
}