{
    "backends": {
        "JSONBackend": {
            "servers": [
                {
                    "url": "https://dev.jsonplaceholder.typicode.com",
                    "description": "Development Jsonplaceholder Typicode Com"
                },
                {
                    "url": "https://qa.jsonplaceholder.typicode.com",
                    "description": "QA Jsonplaceholder Typicode Com",
                    "x-vb": {
                        "profiles": [
                            "qa_configuration"
                        ]
                    }
                }                ,
                {
                    "url": "https://jsonplaceholder.typicode.com",
                    "description": "PROD Jsonplaceholder Typicode Com",
                    "x-vb": {
                        "profiles": [
                            "production_configuration",
                            "testing"
                        ]
                    }
                }
            ]
        }
      }
}