{
  "component-dependencies": {
    "oj-sp": {
      "version": "2401.0.0",
      "components": {
        "messages-banner": "2401.0.0",
        "messages-toast": "2401.0.0",
        "smart-search-page": "2401.0.0",
        "collection-container": "2401.0.0",
        "list-item-template": "2401.0.0",
        "empty-state": "2401.0.0",
        "simple-create-edit": "2401.0.0",
        "message-unsaved-changes": "2401.0.0"
      }
    },
    "oj-dynamic": {
      "version": "15.0.2",
      "components": {
        "form": "15.0.2"
      }
    }
  }
 }