{
    "limit": 50,
    "currentOffset": 0,
    "totalCount": 243,
    "items": [
        {
            "itsOverridden": false,
            "parentFolderPath": null,
            "settingOverridden": true,
            "approvalOverridden": false,
            "windowOverridden": false,
            "notifOverridden": true,
            "hasChildObjects": true,
            "securityOverridden": true,
            "updatedBy": "autoupload",
            "createdOn": 1429006820000,
            "isActive": true,
            "description": "Root Folder",
            "versionNumber": 2,
            "createdBy": "anonymous",
            "folderId": 99,
            "folderName": "FlexDeploy",
            "parentFolderId": null,
            "updatedOn": 1662105458561
        },
        {
            "itsOverridden": false,
            "parentFolderPath": "FlexDeploy",
            "settingOverridden": false,
            "approvalOverridden": false,
            "windowOverridden": false,
            "notifOverridden": false,
            "hasChildObjects": true,
            "securityOverridden": false,
            "updatedBy": "migration",
            "createdOn": 1429050327734,
            "isActive": false,
            "description": "Referrals Application",
            "versionNumber": 2,
            "createdBy": "fdadmin",
            "folderId": 10269,
            "folderName": "Referrals",
            "parentFolderId": 99,
            "updatedOn": 1662105172000
        },
        {
            "itsOverridden": false,
            "parentFolderPath": "FlexDeploy",
            "settingOverridden": false,
            "approvalOverridden": false,
            "windowOverridden": false,
            "notifOverridden": false,
            "hasChildObjects": true,
            "securityOverridden": false,
            "updatedBy": "migration",
            "createdOn": 1429050470521,
            "isActive": false,
            "description": "Travel App",
            "versionNumber": 2,
            "createdBy": "fdadmin",
            "folderId": 10270,
            "folderName": "Travel",
            "parentFolderId": 99,
            "updatedOn": 1662105172000
        },
        {
            "itsOverridden": false,
            "parentFolderPath": "FlexDeploy",
            "settingOverridden": false,
            "approvalOverridden": false,
            "windowOverridden": false,
            "notifOverridden": false,
            "hasChildObjects": true,
            "securityOverridden": false,
            "updatedBy": "migration",
            "createdOn": 1429050507621,
            "isActive": false,
            "description": null,
            "versionNumber": 2,
            "createdBy": "fdadmin",
            "folderId": 10271,
            "folderName": "Survey",
            "parentFolderId": 99,
            "updatedOn": 1662105172000
        },
        {
            "itsOverridden": false,
            "parentFolderPath": "FlexDeploy",
            "settingOverridden": false,
            "approvalOverridden": false,
            "windowOverridden": false,
            "notifOverridden": false,
            "hasChildObjects": true,
            "securityOverridden": false,
            "updatedBy": "migration",
            "createdOn": 1429050688705,
            "isActive": false,
            "description": "VendorManagement App",
            "versionNumber": 3,
            "createdBy": "fdadmin",
            "folderId": 10272,
            "folderName": "VendorManagement",
            "parentFolderId": 99,
            "updatedOn": 1662105172000
        },
        {
            "itsOverridden": false,
            "parentFolderPath": "FlexDeploy",
            "settingOverridden": false,
            "approvalOverridden": false,
            "windowOverridden": false,
            "notifOverridden": false,
            "hasChildObjects": true,
            "securityOverridden": false,
            "updatedBy": "migration",
            "createdOn": 1429050850462,
            "isActive": false,
            "description": "Time Accounting App",
            "versionNumber": 4,
            "createdBy": "fdadmin",
            "folderId": 10273,
            "folderName": "TimeAccounting",
            "parentFolderId": 99,
            "updatedOn": 1662105172000
        },
        {
            "itsOverridden": false,
            "parentFolderPath": "FlexDeploy",
            "settingOverridden": false,
            "approvalOverridden": false,
            "windowOverridden": false,
            "notifOverridden": false,
            "hasChildObjects": true,
            "securityOverridden": false,
            "updatedBy": "migration",
            "createdOn": 1429051087486,
            "isActive": false,
            "description": "Reporting App",
            "versionNumber": 2,
            "createdBy": "fdadmin",
            "folderId": 10274,
            "folderName": "Reporting",
            "parentFolderId": 99,
            "updatedOn": 1662105172000
        },
        {
            "itsOverridden": false,
            "parentFolderPath": "FlexDeploy",
            "settingOverridden": false,
            "approvalOverridden": false,
            "windowOverridden": false,
            "notifOverridden": false,
            "hasChildObjects": false,
            "securityOverridden": false,
            "updatedBy": "migration",
            "createdOn": 1429051177745,
            "isActive": false,
            "description": "Social App",
            "versionNumber": 2,
            "createdBy": "fdadmin",
            "folderId": 10275,
            "folderName": "Social",
            "parentFolderId": 99,
            "updatedOn": 1662105172000
        },
        {
            "itsOverridden": false,
            "parentFolderPath": "FlexDeploy / Oracle Integration",
            "settingOverridden": false,
            "approvalOverridden": false,
            "windowOverridden": true,
            "notifOverridden": true,
            "hasChildObjects": true,
            "securityOverridden": true,
            "updatedBy": "autoupload",
            "createdOn": 1429051433432,
            "isActive": true,
            "description": "SOA OSB MDS WLS Configurations",
            "versionNumber": 7,
            "createdBy": "fdadmin",
            "folderId": 10278,
            "folderName": "Oracle Fusion Middleware",
            "parentFolderId": 2056652,
            "updatedOn": 1662105460705
        },
        {
            "itsOverridden": false,
            "parentFolderPath": "FlexDeploy",
            "settingOverridden": false,
            "approvalOverridden": true,
            "windowOverridden": false,
            "notifOverridden": true,
            "hasChildObjects": true,
            "securityOverridden": false,
            "updatedBy": "autoupload",
            "createdOn": 1429016911940,
            "isActive": true,
            "description": "Human Resources Apps",
            "versionNumber": 5,
            "createdBy": "fdadmin",
            "folderId": 10714,
            "folderName": "HRApp",
            "parentFolderId": 99,
            "updatedOn": 1662105461195
        },
        {
            "itsOverridden": false,
            "parentFolderPath": "FlexDeploy",
            "settingOverridden": false,
            "approvalOverridden": false,
            "windowOverridden": false,
            "notifOverridden": false,
            "hasChildObjects": true,
            "securityOverridden": false,
            "updatedBy": "migration",
            "createdOn": 1429017004205,
            "isActive": false,
            "description": "Work Better Application",
            "versionNumber": 2,
            "createdBy": "fdadmin",
            "folderId": 10717,
            "folderName": "WorkBetter",
            "parentFolderId": 99,
            "updatedOn": 1662105172000
        },
        {
            "itsOverridden": false,
            "parentFolderPath": "FlexDeploy",
            "settingOverridden": false,
            "approvalOverridden": false,
            "windowOverridden": false,
            "notifOverridden": false,
            "hasChildObjects": true,
            "securityOverridden": false,
            "updatedBy": "migration",
            "createdOn": 1429017040743,
            "isActive": false,
            "description": "Order Booking Application",
            "versionNumber": 2,
            "createdBy": "fdadmin",
            "folderId": 10718,
            "folderName": "OrderBooking",
            "parentFolderId": 99,
            "updatedOn": 1662105172000
        },
        {
            "itsOverridden": false,
            "parentFolderPath": "FlexDeploy",
            "settingOverridden": false,
            "approvalOverridden": true,
            "windowOverridden": true,
            "notifOverridden": false,
            "hasChildObjects": true,
            "securityOverridden": false,
            "updatedBy": "autoupload",
            "createdOn": 1429017063148,
            "isActive": false,
            "description": "Order Execution Application",
            "versionNumber": 4,
            "createdBy": "fdadmin",
            "folderId": 10719,
            "folderName": "OrderExecution",
            "parentFolderId": 99,
            "updatedOn": 1662105461276
        },
        {
            "itsOverridden": false,
            "parentFolderPath": "FlexDeploy",
            "settingOverridden": false,
            "approvalOverridden": false,
            "windowOverridden": false,
            "notifOverridden": false,
            "hasChildObjects": true,
            "securityOverridden": false,
            "updatedBy": "migration",
            "createdOn": 1429017086869,
            "isActive": false,
            "description": "Analytics Apps",
            "versionNumber": 2,
            "createdBy": "fdadmin",
            "folderId": 10720,
            "folderName": "Analytics",
            "parentFolderId": 99,
            "updatedOn": 1662105172000
        },
        {
            "itsOverridden": false,
            "parentFolderPath": "FlexDeploy",
            "settingOverridden": false,
            "approvalOverridden": false,
            "windowOverridden": false,
            "notifOverridden": false,
            "hasChildObjects": true,
            "securityOverridden": false,
            "updatedBy": "migration",
            "createdOn": 1429017108976,
            "isActive": false,
            "description": "Finance Application",
            "versionNumber": 2,
            "createdBy": "fdadmin",
            "folderId": 10721,
            "folderName": "Finance",
            "parentFolderId": 99,
            "updatedOn": 1662105172000
        },
        {
            "itsOverridden": false,
            "parentFolderPath": "FlexDeploy",
            "settingOverridden": false,
            "approvalOverridden": true,
            "windowOverridden": true,
            "notifOverridden": false,
            "hasChildObjects": true,
            "securityOverridden": false,
            "updatedBy": "autoupload",
            "createdOn": 1436739811486,
            "isActive": false,
            "description": "EBS Customizations",
            "versionNumber": 6,
            "createdBy": "fdadmin",
            "folderId": 158309,
            "folderName": "EBSCustomizations",
            "parentFolderId": 99,
            "updatedOn": 1662105461288
        },
        {
            "itsOverridden": false,
            "parentFolderPath": "FlexDeploy / EBSCustomizations",
            "settingOverridden": false,
            "approvalOverridden": true,
            "windowOverridden": false,
            "notifOverridden": false,
            "hasChildObjects": true,
            "securityOverridden": false,
            "updatedBy": "autoupload",
            "createdOn": 1436739906971,
            "isActive": false,
            "description": null,
            "versionNumber": 5,
            "createdBy": "fdadmin",
            "folderId": 158310,
            "folderName": "HR",
            "parentFolderId": 158309,
            "updatedOn": 1662105461285
        },
        {
            "itsOverridden": false,
            "parentFolderPath": "FlexDeploy / EBSCustomizations",
            "settingOverridden": false,
            "approvalOverridden": false,
            "windowOverridden": false,
            "notifOverridden": false,
            "hasChildObjects": true,
            "securityOverridden": false,
            "updatedBy": "migration",
            "createdOn": 1436744243020,
            "isActive": false,
            "description": null,
            "versionNumber": 4,
            "createdBy": "fdadmin",
            "folderId": 158800,
            "folderName": "MFG",
            "parentFolderId": 158309,
            "updatedOn": 1662105172000
        },
        {
            "itsOverridden": false,
            "parentFolderPath": "FlexDeploy",
            "settingOverridden": false,
            "approvalOverridden": false,
            "windowOverridden": false,
            "notifOverridden": false,
            "hasChildObjects": true,
            "securityOverridden": false,
            "updatedBy": "migration",
            "createdOn": 1443602105690,
            "isActive": false,
            "description": null,
            "versionNumber": 4,
            "createdBy": "fdadmin",
            "folderId": 175482,
            "folderName": "Manufacturing",
            "parentFolderId": 99,
            "updatedOn": 1662105172000
        },
        {
            "itsOverridden": false,
            "parentFolderPath": "FlexDeploy / EBSCustomizations",
            "settingOverridden": false,
            "approvalOverridden": false,
            "windowOverridden": false,
            "notifOverridden": false,
            "hasChildObjects": true,
            "securityOverridden": false,
            "updatedBy": "migration",
            "createdOn": 1446457798922,
            "isActive": false,
            "description": null,
            "versionNumber": 2,
            "createdBy": "fdadmin",
            "folderId": 181050,
            "folderName": "POS",
            "parentFolderId": 158309,
            "updatedOn": 1662105172000
        },
        {
            "itsOverridden": false,
            "parentFolderPath": "FlexDeploy",
            "settingOverridden": false,
            "approvalOverridden": true,
            "windowOverridden": true,
            "notifOverridden": false,
            "hasChildObjects": true,
            "securityOverridden": false,
            "updatedBy": "autoupload",
            "createdOn": 1446481600552,
            "isActive": false,
            "description": null,
            "versionNumber": 4,
            "createdBy": "fdadmin",
            "folderId": 181151,
            "folderName": "PurchaseOrder",
            "parentFolderId": 99,
            "updatedOn": 1662105461275
        },
        {
            "itsOverridden": false,
            "parentFolderPath": "FlexDeploy / EBSCustomizations",
            "settingOverridden": false,
            "approvalOverridden": false,
            "windowOverridden": false,
            "notifOverridden": false,
            "hasChildObjects": true,
            "securityOverridden": false,
            "updatedBy": "migration",
            "createdOn": 1446538421805,
            "isActive": false,
            "description": null,
            "versionNumber": 2,
            "createdBy": "fdadmin",
            "folderId": 181278,
            "folderName": "Purchasing",
            "parentFolderId": 158309,
            "updatedOn": 1662105172000
        },
        {
            "itsOverridden": false,
            "parentFolderPath": "FlexDeploy",
            "settingOverridden": false,
            "approvalOverridden": false,
            "windowOverridden": false,
            "notifOverridden": false,
            "hasChildObjects": true,
            "securityOverridden": false,
            "updatedBy": "migration",
            "createdOn": 1446557104357,
            "isActive": false,
            "description": null,
            "versionNumber": 2,
            "createdBy": "fdadmin",
            "folderId": 181821,
            "folderName": "ProcessPurchaseOrder",
            "parentFolderId": 99,
            "updatedOn": 1662105172000
        },
        {
            "itsOverridden": false,
            "parentFolderPath": "FlexDeploy / EBSCustomizations",
            "settingOverridden": false,
            "approvalOverridden": false,
            "windowOverridden": false,
            "notifOverridden": false,
            "hasChildObjects": true,
            "securityOverridden": false,
            "updatedBy": "migration",
            "createdOn": 1452952042058,
            "isActive": false,
            "description": null,
            "versionNumber": 2,
            "createdBy": "fdadmin",
            "folderId": 188847,
            "folderName": "XXFLEX",
            "parentFolderId": 158309,
            "updatedOn": 1662105172000
        },
        {
            "itsOverridden": false,
            "parentFolderPath": "FlexDeploy",
            "settingOverridden": false,
            "approvalOverridden": true,
            "windowOverridden": true,
            "notifOverridden": false,
            "hasChildObjects": true,
            "securityOverridden": false,
            "updatedBy": "autoupload",
            "createdOn": 1459699715358,
            "isActive": false,
            "description": null,
            "versionNumber": 7,
            "createdBy": "fdadmin",
            "folderId": 195741,
            "folderName": "EBS Customizations",
            "parentFolderId": 99,
            "updatedOn": 1662105461279
        },
        {
            "itsOverridden": false,
            "parentFolderPath": "FlexDeploy / Oracle COTS Applications",
            "settingOverridden": false,
            "approvalOverridden": true,
            "windowOverridden": true,
            "notifOverridden": true,
            "hasChildObjects": true,
            "securityOverridden": false,
            "updatedBy": "autoupload",
            "createdOn": 1459699742053,
            "isActive": true,
            "description": null,
            "versionNumber": 5,
            "createdBy": "fdadmin",
            "folderId": 195742,
            "folderName": "EBS",
            "parentFolderId": 2041455,
            "updatedOn": 1662105461274
        },
        {
            "itsOverridden": false,
            "parentFolderPath": "FlexDeploy",
            "settingOverridden": false,
            "approvalOverridden": false,
            "windowOverridden": false,
            "notifOverridden": false,
            "hasChildObjects": true,
            "securityOverridden": false,
            "updatedBy": "migration",
            "createdOn": 1464187434100,
            "isActive": false,
            "description": null,
            "versionNumber": 2,
            "createdBy": "fdadmin",
            "folderId": 212496,
            "folderName": "EBS_Customizations_Git",
            "parentFolderId": 99,
            "updatedOn": 1662105172000
        },
        {
            "itsOverridden": false,
            "parentFolderPath": "FlexDeploy / EBS_Customizations_Git",
            "settingOverridden": false,
            "approvalOverridden": false,
            "windowOverridden": false,
            "notifOverridden": false,
            "hasChildObjects": true,
            "securityOverridden": false,
            "updatedBy": "migration",
            "createdOn": 1464187460910,
            "isActive": false,
            "description": null,
            "versionNumber": 2,
            "createdBy": "fdadmin",
            "folderId": 212497,
            "folderName": "HR",
            "parentFolderId": 212496,
            "updatedOn": 1662105172000
        },
        {
            "itsOverridden": false,
            "parentFolderPath": "FlexDeploy / EBS_Customizations_TFS",
            "settingOverridden": false,
            "approvalOverridden": false,
            "windowOverridden": false,
            "notifOverridden": false,
            "hasChildObjects": true,
            "securityOverridden": false,
            "updatedBy": "emily",
            "createdOn": 1464214439036,
            "isActive": true,
            "description": null,
            "versionNumber": 6,
            "createdBy": "fdadmin",
            "folderId": 213095,
            "folderName": "HR",
            "parentFolderId": 213097,
            "updatedOn": 1678198842891
        },
        {
            "itsOverridden": false,
            "parentFolderPath": "FlexDeploy",
            "settingOverridden": false,
            "approvalOverridden": true,
            "windowOverridden": true,
            "notifOverridden": false,
            "hasChildObjects": true,
            "securityOverridden": false,
            "updatedBy": "emily",
            "createdOn": 1464214508151,
            "isActive": true,
            "description": null,
            "versionNumber": 5,
            "createdBy": "fdadmin",
            "folderId": 213097,
            "folderName": "EBS_Customizations_TFS",
            "parentFolderId": 99,
            "updatedOn": 1678198835853
        },
        {
            "itsOverridden": false,
            "parentFolderPath": "FlexDeploy / Oracle Developer",
            "settingOverridden": false,
            "approvalOverridden": true,
            "windowOverridden": true,
            "notifOverridden": false,
            "hasChildObjects": true,
            "securityOverridden": false,
            "updatedBy": "autoupload",
            "createdOn": 1473866909594,
            "isActive": true,
            "description": "Payroll Application on Oracle Forms",
            "versionNumber": 6,
            "createdBy": "fdadmin",
            "folderId": 240058,
            "folderName": "Forms",
            "parentFolderId": 477658,
            "updatedOn": 1662105461301
        },
        {
            "itsOverridden": false,
            "parentFolderPath": "FlexDeploy / APEX",
            "settingOverridden": false,
            "approvalOverridden": true,
            "windowOverridden": true,
            "notifOverridden": false,
            "hasChildObjects": true,
            "securityOverridden": false,
            "updatedBy": "autoupload",
            "createdOn": 1473979674823,
            "isActive": false,
            "description": null,
            "versionNumber": 7,
            "createdBy": "greg",
            "folderId": 241108,
            "folderName": "CustomerTracker",
            "parentFolderId": 306286,
            "updatedOn": 1662105461176
        },
        {
            "itsOverridden": false,
            "parentFolderPath": "FlexDeploy",
            "settingOverridden": false,
            "approvalOverridden": true,
            "windowOverridden": true,
            "notifOverridden": false,
            "hasChildObjects": true,
            "securityOverridden": false,
            "updatedBy": "autoupload",
            "createdOn": 1474097660116,
            "isActive": true,
            "description": null,
            "versionNumber": 4,
            "createdBy": "fdadmin",
            "folderId": 241470,
            "folderName": "Oracle Database",
            "parentFolderId": 99,
            "updatedOn": 1662105461309
        },
        {
            "itsOverridden": false,
            "parentFolderPath": "FlexDeploy / Oracle Database",
            "settingOverridden": false,
            "approvalOverridden": false,
            "windowOverridden": false,
            "notifOverridden": false,
            "hasChildObjects": true,
            "securityOverridden": false,
            "updatedBy": "migration",
            "createdOn": 1474097732439,
            "isActive": true,
            "description": null,
            "versionNumber": 2,
            "createdBy": "fdadmin",
            "folderId": 241471,
            "folderName": "DBSchemaDeploy",
            "parentFolderId": 241470,
            "updatedOn": 1662105172000
        },
        {
            "itsOverridden": false,
            "parentFolderPath": "FlexDeploy / Oracle Database",
            "settingOverridden": false,
            "approvalOverridden": false,
            "windowOverridden": false,
            "notifOverridden": false,
            "hasChildObjects": true,
            "securityOverridden": false,
            "updatedBy": "migration",
            "createdOn": 1474097789208,
            "isActive": true,
            "description": null,
            "versionNumber": 1,
            "createdBy": "fdadmin",
            "folderId": 241474,
            "folderName": "DBPartialDeploy",
            "parentFolderId": 241470,
            "updatedOn": 1662105172000
        },
        {
            "itsOverridden": false,
            "parentFolderPath": "FlexDeploy / Oracle Database",
            "settingOverridden": false,
            "approvalOverridden": false,
            "windowOverridden": false,
            "notifOverridden": false,
            "hasChildObjects": true,
            "securityOverridden": false,
            "updatedBy": "migration",
            "createdOn": 1474109933025,
            "isActive": false,
            "description": null,
            "versionNumber": 2,
            "createdBy": "fdadmin",
            "folderId": 242244,
            "folderName": "HRDatabase",
            "parentFolderId": 241470,
            "updatedOn": 1662105172000
        },
        {
            "itsOverridden": false,
            "parentFolderPath": "FlexDeploy",
            "settingOverridden": false,
            "approvalOverridden": false,
            "windowOverridden": false,
            "notifOverridden": false,
            "hasChildObjects": true,
            "securityOverridden": false,
            "updatedBy": "migration",
            "createdOn": 1475183798860,
            "isActive": false,
            "description": null,
            "versionNumber": 3,
            "createdBy": "rama",
            "folderId": 243941,
            "folderName": "EBS_Other",
            "parentFolderId": 99,
            "updatedOn": 1662105172000
        },
        {
            "itsOverridden": false,
            "parentFolderPath": "FlexDeploy / EBS_Other",
            "settingOverridden": false,
            "approvalOverridden": false,
            "windowOverridden": false,
            "notifOverridden": false,
            "hasChildObjects": true,
            "securityOverridden": false,
            "updatedBy": "migration",
            "createdOn": 1475183843565,
            "isActive": false,
            "description": null,
            "versionNumber": 3,
            "createdBy": "rama",
            "folderId": 243942,
            "folderName": "FunctionalSetups",
            "parentFolderId": 243941,
            "updatedOn": 1662105172000
        },
        {
            "itsOverridden": false,
            "parentFolderPath": "FlexDeploy / Oracle Business Intelligence",
            "settingOverridden": false,
            "approvalOverridden": false,
            "windowOverridden": true,
            "notifOverridden": false,
            "hasChildObjects": true,
            "securityOverridden": false,
            "updatedBy": "vivek",
            "createdOn": 1476360723205,
            "isActive": true,
            "description": null,
            "versionNumber": 4,
            "createdBy": "joel",
            "folderId": 245541,
            "folderName": "WebCatalog",
            "parentFolderId": 245542,
            "updatedOn": 1711048885517
        },
        {
            "itsOverridden": false,
            "parentFolderPath": "FlexDeploy",
            "settingOverridden": false,
            "approvalOverridden": false,
            "windowOverridden": false,
            "notifOverridden": false,
            "hasChildObjects": true,
            "securityOverridden": false,
            "updatedBy": "migration",
            "createdOn": 1476360756129,
            "isActive": true,
            "description": null,
            "versionNumber": 4,
            "createdBy": "joel",
            "folderId": 245542,
            "folderName": "Oracle Business Intelligence",
            "parentFolderId": 99,
            "updatedOn": 1662105172000
        },
        {
            "itsOverridden": false,
            "parentFolderPath": "FlexDeploy / Oracle Business Intelligence",
            "settingOverridden": false,
            "approvalOverridden": false,
            "windowOverridden": false,
            "notifOverridden": false,
            "hasChildObjects": true,
            "securityOverridden": false,
            "updatedBy": "migration",
            "createdOn": 1476360792644,
            "isActive": true,
            "description": null,
            "versionNumber": 1,
            "createdBy": "joel",
            "folderId": 245543,
            "folderName": "Repository",
            "parentFolderId": 245542,
            "updatedOn": 1662105172000
        },
        {
            "itsOverridden": false,
            "parentFolderPath": "FlexDeploy / EBS_UL",
            "settingOverridden": false,
            "approvalOverridden": true,
            "windowOverridden": false,
            "notifOverridden": true,
            "hasChildObjects": true,
            "securityOverridden": false,
            "updatedBy": "autoupload",
            "createdOn": 1477750906140,
            "isActive": false,
            "description": "UL EBS Application",
            "versionNumber": 6,
            "createdBy": "rama",
            "folderId": 250771,
            "folderName": "CustomExtension",
            "parentFolderId": 251367,
            "updatedOn": 1662105461006
        },
        {
            "itsOverridden": false,
            "parentFolderPath": "FlexDeploy",
            "settingOverridden": false,
            "approvalOverridden": false,
            "windowOverridden": true,
            "notifOverridden": false,
            "hasChildObjects": true,
            "securityOverridden": false,
            "updatedBy": "autoupload",
            "createdOn": 1477765715909,
            "isActive": false,
            "description": "UL Domo",
            "versionNumber": 3,
            "createdBy": "fdadmin",
            "folderId": 251367,
            "folderName": "EBS_UL",
            "parentFolderId": 99,
            "updatedOn": 1662105460702
        },
        {
            "itsOverridden": false,
            "parentFolderPath": "FlexDeploy / EBS_UL",
            "settingOverridden": false,
            "approvalOverridden": true,
            "windowOverridden": false,
            "notifOverridden": true,
            "hasChildObjects": true,
            "securityOverridden": false,
            "updatedBy": "autoupload",
            "createdOn": 1477765911349,
            "isActive": false,
            "description": null,
            "versionNumber": 3,
            "createdBy": "fdadmin",
            "folderId": 251368,
            "folderName": "Setups",
            "parentFolderId": 251367,
            "updatedOn": 1662105461293
        },
        {
            "itsOverridden": false,
            "parentFolderPath": "FlexDeploy",
            "settingOverridden": false,
            "approvalOverridden": false,
            "windowOverridden": false,
            "notifOverridden": false,
            "hasChildObjects": true,
            "securityOverridden": false,
            "updatedBy": "migration",
            "createdOn": 1477825276605,
            "isActive": false,
            "description": null,
            "versionNumber": 2,
            "createdBy": "greg",
            "folderId": 251598,
            "folderName": "OrderApplication",
            "parentFolderId": 99,
            "updatedOn": 1662105172000
        },
        {
            "itsOverridden": false,
            "parentFolderPath": "FlexDeploy / OrderManagement",
            "settingOverridden": false,
            "approvalOverridden": false,
            "windowOverridden": false,
            "notifOverridden": false,
            "hasChildObjects": true,
            "securityOverridden": false,
            "updatedBy": "migration",
            "createdOn": 1477905369204,
            "isActive": false,
            "description": null,
            "versionNumber": 5,
            "createdBy": "joel",
            "folderId": 251671,
            "folderName": "Application",
            "parentFolderId": 251684,
            "updatedOn": 1662105172000
        },
        {
            "itsOverridden": false,
            "parentFolderPath": "FlexDeploy",
            "settingOverridden": false,
            "approvalOverridden": false,
            "windowOverridden": false,
            "notifOverridden": false,
            "hasChildObjects": true,
            "securityOverridden": false,
            "updatedBy": "migration",
            "createdOn": 1477905503546,
            "isActive": false,
            "description": null,
            "versionNumber": 2,
            "createdBy": "joel",
            "folderId": 251684,
            "folderName": "OrderManagement",
            "parentFolderId": 99,
            "updatedOn": 1662105172000
        },
        {
            "itsOverridden": false,
            "parentFolderPath": "FlexDeploy / OrderManagement",
            "settingOverridden": false,
            "approvalOverridden": false,
            "windowOverridden": false,
            "notifOverridden": false,
            "hasChildObjects": true,
            "securityOverridden": false,
            "updatedBy": "migration",
            "createdOn": 1477905531440,
            "isActive": false,
            "description": null,
            "versionNumber": 3,
            "createdBy": "joel",
            "folderId": 251685,
            "folderName": "Configuration",
            "parentFolderId": 251684,
            "updatedOn": 1662105172000
        },
        {
            "itsOverridden": false,
            "parentFolderPath": "FlexDeploy / Oracle Integration / Oracle B2B",
            "settingOverridden": false,
            "approvalOverridden": false,
            "windowOverridden": false,
            "notifOverridden": false,
            "hasChildObjects": true,
            "securityOverridden": false,
            "updatedBy": "migration",
            "createdOn": 1477916787118,
            "isActive": true,
            "description": null,
            "versionNumber": 4,
            "createdBy": "joel",
            "folderId": 252234,
            "folderName": "B2B Agreements",
            "parentFolderId": 277693,
            "updatedOn": 1662105172000
        },
        {
            "itsOverridden": false,
            "parentFolderPath": "FlexDeploy",
            "settingOverridden": false,
            "approvalOverridden": true,
            "windowOverridden": true,
            "notifOverridden": false,
            "hasChildObjects": true,
            "securityOverridden": false,
            "updatedBy": "autoupload",
            "createdOn": 1481533703366,
            "isActive": true,
            "description": null,
            "versionNumber": 3,
            "createdBy": "fdadmin",
            "folderId": 272879,
            "folderName": "WildFly",
            "parentFolderId": 99,
            "updatedOn": 1662105461297
        }
    ],
    "hasMore": true
}