{
    "openapi": "3.0.0",
    "info": {
        "title": "Flex Foldr Service",
        "version": "1.0.0"
    },
    "servers": [
        {
            "url": "vb-catalog://backends/FlexServices",
            "description": "FlexServices"
        }
    ],
    "paths": {
        "/folder": {
            "get": {
                "operationId": "getFolder",
                "responses": {
                    "default": {
                        "description": "Response for default",
                        "content": {
                            "application/json": {
                                "schema": {
                                    "$ref": "#/components/schemas/GetFolder"
                                },
                                "examples": {
                                    "vb": {
                                        "summary": "Example stored by VB User",
                                        "externalValue": "./examples/getFolder/response_default_application_json_vb.json"
                                    }
                                }
                            }
                        }
                    }
                },
                "x-vb": {
                    "actionHint": "getMany"
                }
            }
        }
    },
    "components": {
        "schemas": {
            "GetFolder": {
                "type": "object",
                "properties": {
                    "limit": {
                        "type": "integer"
                    },
                    "currentOffset": {
                        "type": "integer"
                    },
                    "totalCount": {
                        "type": "integer"
                    },
                    "items": {
                        "type": "array",
                        "items": {
                            "type": "object",
                            "properties": {
                                "itsOverridden": {
                                    "type": "boolean"
                                },
                                "parentFolderPath": {
                                    "type": "string"
                                },
                                "settingOverridden": {
                                    "type": "boolean"
                                },
                                "approvalOverridden": {
                                    "type": "boolean"
                                },
                                "windowOverridden": {
                                    "type": "boolean"
                                },
                                "notifOverridden": {
                                    "type": "boolean"
                                },
                                "hasChildObjects": {
                                    "type": "boolean"
                                },
                                "securityOverridden": {
                                    "type": "boolean"
                                },
                                "updatedBy": {
                                    "type": "string"
                                },
                                "createdOn": {
                                    "type": "integer"
                                },
                                "isActive": {
                                    "type": "boolean"
                                },
                                "description": {
                                    "type": "string",
                                    "nullable": true
                                },
                                "versionNumber": {
                                    "type": "integer"
                                },
                                "createdBy": {
                                    "type": "string"
                                },
                                "folderId": {
                                    "type": "integer"
                                },
                                "folderName": {
                                    "type": "string"
                                },
                                "parentFolderId": {
                                    "type": "integer"
                                },
                                "updatedOn": {
                                    "type": "integer"
                                }
                            }
                        }
                    },
                    "hasMore": {
                        "type": "boolean"
                    }
                }
            }
        }
    }
}