{
    "openapi": "3.0.0",
    "info": {
        "title": "Jsonplaceholder Typicode Com",
        "version": "1.0.0"
    },
    "servers": [
        {
            "url": "vb-catalog://backends/JSONBackend"
        }
    ],
    "paths": {
        "/posts": {
            "get": {
                "operationId": "getPosts",
                "responses": {
                    "default": {
                        "description": "Response for default",
                        "content": {
                            "application/json": {
                                "schema": {
                                    "$ref": "#/components/schemas/GetPosts"
                                },
                                "examples": {
                                    "vb": {
                                        "summary": "Example stored by VB User",
                                        "externalValue": "./examples/getPosts/response_default_application_json_vb.json"
                                    }
                                }
                            }
                        }
                    }
                },
                "x-vb": {
                    "actionHint": "getMany"
                }
            }
        },
        "/pots": {
            "post": {
                "operationId": "postPots",
                "requestBody": {
                    "content": {
                        "application/json": {
                            "schema": {
                                "$ref": "#/components/schemas/PostPotsRequest"
                            },
                            "examples": {
                                "vb": {
                                    "externalValue": "./examples/postPots/request_application_json_vb.json"
                                }
                            }
                        }
                    }
                },
                "responses": {},
                "x-vb": {
                    "actionHint": "create"
                }
            }
        }
    },
    "components": {
        "schemas": {
            "GetPosts": {
                "type": "array",
                "items": {
                    "type": "object",
                    "properties": {
                        "userId": {
                            "type": "integer"
                        },
                        "id": {
                            "type": "integer"
                        },
                        "title": {
                            "type": "string"
                        },
                        "body": {
                            "type": "string"
                        }
                    }
                }
            },
            "PostPotsRequest": {
                "type": "object",
                "properties": {
                    "userId": {
                        "type": "integer"
                    },
                    "id": {
                        "type": "integer"
                    },
                    "title": {
                        "type": "string"
                    },
                    "body": {
                        "type": "string"
                    }
                }
            }
        }
    }
}