{
    "profiles": [
        {
            "displayName": "Base configuration",
            "description": "Default development profile in VBCS",
            "id": "base_configuration",
            "disabled": false
        },
        {
            "displayName": "QA configuration",
            "description": "Default QA profile in VBCS",
            "id": "qa_configuration",
            "disabled": false
        }        ,
{
            "displayName": "Production configuration",
            "description": "Default Prod profile in VBCS",
            "id": "production_configuration",
            "disabled": false
        },
        {
            "displayName": "Testing",
            "description": "Default Prod profile in VBCS-prod",
            "id": "testing",
            "disabled": false
        }
    ],
    "defaults": {
        "dev": "testing",
        "stage": "testing",
        "publish": "testing"
    }
}