{
    "profiles": [
        {
            "displayName": "Base configuration",
            "description": "Default development profile in VBCS",
            "id": "base_configuration",
            "disabled": false
        },
        {
            "displayName": "QA configuration",
            "description": "Default QA profile in VBCS",
            "id": "qa_configuration",
            "disabled": false
        }        ,
        {
            "displayName": "Production configuration",
            "description": "Default Prod profile in VBCS",
            "id": "production_configuration",
            "disabled": false
        }
    ],
    "defaults": {
        "dev": "base_configuration",
        "stage": "base_configuration",
        "publish": "base_configuration"
    }
}