{
  "userroles":[
    {
      "name": "FSM Lead",
      "description": "Creating this for testing",
      "id": "FSM_Lead",
      "defaultMapping": {}
    },
    {
      "name": "Integration Leads",
      "description": "Redwood App Role1",
      "id": "RWRole1",
      "defaultMapping": {}
    },
    {
      "name": "DBA",
      "description": "Role 2 for testing",
      "id": "Role2",
      "defaultMapping": {}
    },
    {
      "name": "Cloud-Admin",
      "description": "",
      "id": "service-admin",
      "defaultMapping": {}
    }
  ]
}
